{
	"partitions" : [
		{
			"name" : "Top",
			"pins" : [
				{
					"name" : "LCD_R0",
					"strict" : false
				},
				{
					"name" : "LCD_R1",
					"strict" : false
				},
				{
					"name" : "LCD_R2",
					"strict" : false
				},
				{
					"name" : "LCD_R3",
					"strict" : false
				},
				{
					"name" : "LCD_R4",
					"strict" : false
				},
				{
					"name" : "LCD_R5",
					"strict" : false
				},
				{
					"name" : "LCD_R6",
					"strict" : false
				},
				{
					"name" : "LCD_R7",
					"strict" : false
				},
				{
					"name" : "LCD_G0",
					"strict" : false
				},
				{
					"name" : "LCD_G1",
					"strict" : false
				},
				{
					"name" : "LCD_G2",
					"strict" : false
				},
				{
					"name" : "LCD_G3",
					"strict" : false
				},
				{
					"name" : "LCD_G4",
					"strict" : false
				},
				{
					"name" : "LCD_G5",
					"strict" : false
				},
				{
					"name" : "LCD_G6",
					"strict" : false
				},
				{
					"name" : "LCD_G7",
					"strict" : false
				},
				{
					"name" : "LCD_B0",
					"strict" : false
				},
				{
					"name" : "LCD_B1",
					"strict" : false
				},
				{
					"name" : "LCD_B2",
					"strict" : false
				},
				{
					"name" : "LCD_B3",
					"strict" : false
				},
				{
					"name" : "LCD_B4",
					"strict" : false
				},
				{
					"name" : "LCD_B5",
					"strict" : false
				},
				{
					"name" : "LCD_B6",
					"strict" : false
				},
				{
					"name" : "LCD_B7",
					"strict" : false
				},
				{
					"name" : "LCD_CK",
					"strict" : false
				},
				{
					"name" : "LCD_DISP",
					"strict" : false
				},
				{
					"name" : "LCD_HSYNC",
					"strict" : false
				},
				{
					"name" : "LCD_VSYNC",
					"strict" : false
				},
				{
					"name" : "LEDR[2]",
					"strict" : false
				},
				{
					"name" : "LEDR[3]",
					"strict" : false
				},
				{
					"name" : "LEDR[4]",
					"strict" : false
				},
				{
					"name" : "LEDR[5]",
					"strict" : false
				},
				{
					"name" : "LEDR[6]",
					"strict" : false
				},
				{
					"name" : "LEDR[7]",
					"strict" : false
				},
				{
					"name" : "LEDR[8]",
					"strict" : false
				},
				{
					"name" : "LEDR[9]",
					"strict" : false
				},
				{
					"name" : "LEDR[0]",
					"strict" : false
				},
				{
					"name" : "LEDR[1]",
					"strict" : false
				},
				{
					"name" : "FPGA_I2C_SCLK",
					"strict" : false
				},
				{
					"name" : "AUD_BCLK",
					"strict" : false
				},
				{
					"name" : "AUD_DACLRCK",
					"strict" : false
				},
				{
					"name" : "AUD_DACDAT",
					"strict" : false
				},
				{
					"name" : "AUD_ADCLRCK",
					"strict" : false
				},
				{
					"name" : "FPGA_I2C_SDAT",
					"strict" : false
				},
				{
					"name" : "CLOCK_50",
					"strict" : false
				},
				{
					"name" : "SW[2]",
					"strict" : false
				},
				{
					"name" : "SW[3]",
					"strict" : false
				},
				{
					"name" : "SW[4]",
					"strict" : false
				},
				{
					"name" : "SW[5]",
					"strict" : false
				},
				{
					"name" : "SW[6]",
					"strict" : false
				},
				{
					"name" : "SW[7]",
					"strict" : false
				},
				{
					"name" : "SW[8]",
					"strict" : false
				},
				{
					"name" : "SW[9]",
					"strict" : false
				},
				{
					"name" : "SW[0]",
					"strict" : false
				},
				{
					"name" : "SW[1]",
					"strict" : false
				},
				{
					"name" : "AUD_ADCDAT",
					"strict" : false
				}
			]
		}
	]
}